<?xml version="1.0" encoding="UTF-8" standalone="yes"?>
<addon id="plugin.video.anarchybuildwizard" name="anarchybuildwizard" version="1.0.1" provider-name="Anarchy Media">
  <requires>
    <import addon="xbmc.python" version="2.1.0"/>
  </requires>
  <extension point="xbmc.python.pluginsource" library="default.py">
        <provides>video executable</provides>
  </extension>
  <extension point="xbmc.addon.metadata">
    <summary lang="en">anarchybuildwizard</summary>
    <description lang="en">Thank you for using Anarchy build wizard. Please visit fb.com/Anarchymediarevolution for more details</description>
    <platform>all</platform>
  </extension>
</addon>
